-0.18952,-0.2258,-0.24734,-0.18499,-0.16798,-0.031943,-0.23827,-0.25414,0.19932,0.52922,0.49634,0.15398,0.14151,-0.03421,-0.13057,-0.01267,0.19706
-0.12211,-0.17707,-0.11922,-0.16453,-0.11343,-0.11825,-0.17803,-0.2571,0.06012,0.77844,0.32238,0.11219,0.010948,-0.07776,-0.07583,-0.086437,0.20571
-0.10555,0.059717,0.46107,-0.0052078,-0.15276,-0.16457,-0.19998,-0.099643,-0.022915,0.50829,0.39614,0.17186,0.036107,-0.18228,-0.36524,-0.20588,-0.12916
0.02456,0.13814,-0.2241,-0.29778,-0.27936,-0.19033,0.02456,0.5403,0.36531,0.25787,0.16884,-0.082887,-0.15042,-0.34997,-0.10744,-0.039907,0.20261
-0.32465,0.42855,-0.13186,-0.27981,-0.15876,-0.00633,-0.091512,-0.19015,0.3613,0.51374,-0.055647,0.051955,-0.091512,0.0026375,-0.19463,-0.1229,0.28957
-0.10115,0.03971,-0.04268,-0.28454,-0.26328,-0.2181,-0.1676,0.06363,0.44901,0.57924,0.27625,-0.010788,-0.13039,-0.22607,-0.18089,0.013132,0.20449
-0.29547,-0.023817,-0.18442,-0.27668,-0.29376,-0.24251,0.0035177,0.34863,0.32642,0.41526,0.1402,-0.11778,-0.17075,-0.18954,0.013768,0.33496,0.21195
-0.18596,-0.23413,0.00974,-0.19198,-0.16488,-0.10166,-0.089613,0.27769,0.32285,0.58478,0.22952,-0.26423,-0.198,-0.21606,-0.03542,-0.047463,0.30479
-0.3462,-0.0082178,0.17654,-0.2065,-0.31465,-0.17045,0.027832,0.45594,0.55508,0.15401,0.10895,-0.057788,-0.10736,-0.29212,-0.10736,0.014315,0.11796
-0.10572,0.21761,-0.088923,-0.15191,-0.21909,-0.24849,0.04545,0.55354,0.29739,0.41077,0.011855,-0.1729,-0.1729,-0.26108,-0.29888,0.070643,0.11264
0.11282,-0.19848,-0.2737,-0.23818,-0.17759,-0.052232,-0.17341,-0.24236,-0.050145,0.50144,0.5098,0.31758,0.06059,0.0062678,-0.17759,-0.10447,0.17968
-0.22887,-0.084767,0.72052,0.21757,-0.0028249,0.11302,0.05086,-0.18366,-0.19779,0.13563,0.20062,0.053685,-0.014127,0.0028251,-0.14693,-0.30516,-0.33059
-0.23808,-0.22282,-0.27895,-0.27623,-0.20101,-0.11109,-0.13234,0.11346,0.126,0.6116,0.41703,0.028983,-0.07457,-0.055495,-0.0277,0.036613,0.28459
-0.10572,-0.17753,-0.20939,-0.17753,-0.14046,-0.13641,-0.1839,-0.11382,0.13464,0.75262,0.35762,0.04487,-0.010733,-0.10108,-0.13641,-0.02637,0.22962
-0.10807,0.08937,0.045868,-0.28209,-0.3624,-0.31221,-0.13484,0.065945,0.15296,0.50099,0.50434,0.03248,-0.15158,-0.2252,0.035828,-0.051182,0.1998
0.27516,-0.3421,-0.36916,-0.28669,-0.14236,-0.26865,-0.20421,-0.12045,0.13212,0.48521,0.35377,0.15919,0.09862,0.025167,0.026455,0.018722,0.15919
-0.13771,-0.3268,-0.41796,-0.22775,-0.063425,-0.12758,-0.14897,-0.2345,0.16731,0.45994,0.23821,0.20332,0.052503,-0.10395,0.038995,0.30799,0.32037
-0.0092476,-0.279,-0.23507,-0.35376,-0.19576,-0.12794,-0.0447,-0.22428,-0.0316,0.48169,0.12408,0.09634,-0.016185,-0.080925,0.038535,0.40925,0.44855
0.088678,-0.25436,-0.37956,-0.26454,-0.20448,-0.15766,-0.28897,-0.20143,0.02455,0.39202,0.19454,0.15993,0.046945,0.03473,0.085625,0.48872,0.23526
-0.15479,-0.19807,-0.18912,-0.28315,-0.20554,-0.012995,-0.065235,-0.23837,-0.054787,0.68553,0.12582,0.094473,-0.069712,0.00044015,-0.011502,0.13328,0.44374
-0.048328,-0.2829,-0.30273,-0.14965,-0.13533,-0.18599,-0.0252,0.005635,0.067308,0.76552,0.27435,-0.022998,-0.16396,-0.1111,0.16863,0.022155,0.12458
0.35877,-0.24415,-0.35026,-0.26344,-0.21521,-0.087387,-0.077742,-0.092212,-0.23691,0.14654,0.58789,0.27678,0.098312,0.18031,0.040432,-0.065682,-0.056037
0.12308,0.12846,0.0056925,-0.25955,-0.46834,-0.35991,-0.20399,-0.20399,0.0056925,0.53707,0.37488,0.12577,-0.0032675,-0.03732,0.029888,0.08634,0.1195
0.31531,0.13974,0.05196,-0.12361,-0.1675,-0.15104,-0.21139,-0.1291,0.23302,0.55124,0.39213,-0.052283,-0.1291,-0.38148,-0.17299,-0.20591,0.040987
0.091038,-0.17707,-0.31892,-0.28772,-0.32318,-0.32885,-0.2026,0.17757,0.29673,0.18608,0.20169,0.39745,0.36056,0.086783,0.06976,-0.13309,-0.096212
0.37254,-0.17091,-0.31448,-0.24855,-0.17623,-0.27088,-0.29641,-0.19112,-0.11986,0.20876,0.38317,0.23322,0.018392,0.08114,0.052425,0.022647,0.41614
-0.14215,-0.30956,-0.38658,-0.29312,-0.08772,-0.15448,-0.11442,-0.14318,0.088928,0.42374,0.28201,-0.085665,-0.043558,0.2245,0.16185,0.11255,0.46687
-0.052925,0.15878,-0.12643,-0.26757,-0.28227,-0.22052,-0.29697,-0.29109,0.058805,0.41752,0.44692,0.28815,0.09997,-0.029402,-0.15289,-0.044105,0.29403
0.12067,0.23659,-0.48351,-0.39569,-0.20952,-0.030375,-0.093602,-0.18142,0.096083,0.53517,0.27172,0.13824,0.16282,-0.16386,-0.054962,0.082033,-0.030375
-0.18924,0.15567,0.49746,0.23508,0.45542,-0.089583,-0.11372,-0.23829,-0.2998,0.30126,0.1144,-0.023403,-0.27644,-0.13863,-0.21104,-0.061553,-0.11761
0.57873,0.55001,0.29792,0.10035,-0.07142,-0.15115,-0.16346,-0.087247,-0.057935,-0.03859,-0.12653,-0.18222,-0.21739,-0.22384,-0.16287,-0.12828,0.083937
-0.18639,-0.35645,-0.33881,-0.30351,-0.28265,-0.18318,-0.037183,0.29332,0.48584,0.19545,0.12004,-0.045205,0.12486,0.010947,0.12325,0.054265,0.3254
0.039695,0.21185,0.59746,0.47657,0.2524,-0.082722,-0.20743,-0.26252,-0.23804,-0.0085049,-0.056707,-0.16535,-0.18907,-0.20973,-0.089607,-0.10338,0.035105
-0.13543,-0.26078,-0.35271,-0.37778,-0.36107,-0.1605,0.07349,0.02335,0.22391,0.42448,0.36598,0.1487,0.040065,-0.072755,0.065135,0.069312,0.28659
-0.23434,-0.23526,-0.18392,-0.18851,-0.14818,-0.13168,-0.18942,-0.19309,-0.038175,0.64015,0.35507,0.05349,-0.039093,-0.0088426,-0.0070101,0.1864,0.3624
0.26698,0.076415,-0.097133,-0.25707,-0.2979,-0.32768,-0.2307,0.099385,0.22444,0.59365,0.26443,0.021967,-0.10139,-0.22304,-0.15158,-0.03588,0.1751
-0.15683,-0.093275,-0.10599,-0.22038,-0.10281,-0.19496,-0.29665,-0.16319,0.20861,0.72022,0.27851,0.21496,0.021122,-0.12188,-0.09963,-0.05832,0.17047
0.35857,-0.13126,-0.11085,-0.015608,-0.14487,-0.24012,-0.25372,0.0048024,0.35177,0.56267,0.24972,0.12726,0.066032,-0.19249,-0.15848,-0.26053,-0.2129
-0.14486,-0.20127,-0.24473,-0.22901,-0.16798,-0.057932,-0.16058,-0.18555,-0.03204,0.61436,0.5302,0.23891,0.069682,0.004025,-0.06903,-0.043137,0.07893
-0.23188,-0.11343,-0.29661,-0.27396,-0.14644,-0.086243,-0.0364,-0.12508,-0.05064,0.62772,0.50279,0.19468,-0.032518,-0.025398,-0.042225,-0.042873,0.1785
-0.26658,-0.091793,-0.11706,-0.27711,-0.26237,-0.020193,0.00508,-0.19709,0.13564,0.67686,0.43679,0.070363,-0.022298,-0.1297,-0.11706,0.049303,0.12722
-0.26729,-0.34234,-0.36021,-0.25836,-0.10826,-0.04751,0.11688,0.36525,0.56538,0.26162,0.034685,-0.10647,-0.11005,-0.06359,0.068637,0.10795,0.14368
-0.01542,0.063218,-0.14648,-0.2723,-0.15172,-0.15697,-0.01542,0.25719,0.70805,0.32534,-0.0049346,-0.14648,-0.309,-0.18842,-0.099299,0.02652,0.12613
-0.13757,0.14932,-0.18478,-0.086728,-0.024993,-0.21746,-0.18841,0.069425,0.26189,0.79935,0.12753,-0.1303,-0.25377,-0.035888,-0.10125,0.051267,-0.097623
-0.08148,-0.20073,-0.31999,-0.22825,-0.15487,-0.27412,0.056118,0.17537,0.71659,0.23958,0.00108,-0.109,-0.12735,0.0286,-0.02644,0.056118,0.24876
-0.11161,-0.21298,-0.21516,-0.15245,-0.15537,-0.0963,-0.17141,-0.20787,-0.055465,0.68981,0.43531,0.25956,-0.0015025,-0.038692,-0.10286,-4.25e-05,0.13705
-0.14063,-0.17523,-0.22795,-0.18841,-0.11756,-0.054953,-0.15546,-0.17852,0.024132,0.75237,0.40637,0.13452,0.0126,-0.02859,-0.09779,-0.10109,0.13617
-0.30238,-0.37931,0.00056485,-0.090798,-0.2014,-0.023478,-0.090798,-0.071563,-0.0042426,0.50066,0.58241,0.21695,0.082312,-0.061945,-0.066755,-0.19659,0.10635
0.33923,-0.13719,-0.28919,-0.26991,-0.22567,-0.28579,-0.26424,-0.15194,-0.045308,0.41524,0.18269,0.17816,0.046575,-0.0090077,0.051112,-0.023755,0.48897
-0.00483,-0.13076,-0.20194,-0.15813,-0.086958,-0.023083,-0.18004,-0.17091,0.14117,0.71971,0.35105,-0.043158,-0.041333,-0.13441,-0.16178,-0.19281,0.3182
0.53433,-0.015742,-0.20901,-0.29078,-0.35768,-0.29078,-0.23131,-0.15697,0.013992,0.31876,0.18496,0.10319,0.19983,-0.052907,-0.10494,0.05116,0.30389
-0.07642,-0.35462,-0.39491,-0.25769,-0.17965,-0.15069,-0.19223,-0.1167,0.12626,0.50894,0.22445,0.19801,0.060795,0.0091825,0.014218,0.25088,0.33019
0.10183,0.079345,-0.18668,-0.16795,-0.20916,-0.18668,-0.33656,-0.0443,0.37535,0.49899,0.37535,0.068105,0.030635,-0.31033,-0.20916,-0.085518,0.20674
-0.12164,-0.21882,-0.30555,-0.28461,-0.20686,-0.11267,-0.12463,-0.10818,0.09367,0.57064,0.43756,0.22525,0.0099376,-0.079772,-0.1336,0.09367,0.26562
-0.04343,0.17304,-0.19032,-0.37199,-0.19418,-0.25216,-0.22511,0.15757,0.289,0.49773,0.30833,0.18077,-0.16326,-0.22124,-0.19032,0.03388,0.21169
-0.15368,-0.09324,-0.2882,-0.32135,-0.19852,-0.19267,0.0081423,0.013992,0.44292,0.31424,-0.02695,-0.044498,-0.079593,-0.15953,-0.073743,0.37078,0.48191
0.50037,0.074088,-0.28878,-0.3381,-0.29935,-0.29759,-0.26764,-0.093255,0.024765,0.28018,0.27314,0.21148,0.11989,-0.07564,-0.0069423,-0.070357,0.25376
0.59661,0.075028,-0.18918,-0.18007,-0.27117,-0.11629,-0.3805,-0.28484,-0.075297,0.38707,0.2003,0.077308,-0.12768,0.02492,-0.0046899,0.097805,0.17069
-0.059008,0.09227,-0.066288,-0.059008,-0.28956,-0.30332,-0.090558,0.64318,0.15537,0.20391,0.087415,-0.22485,-0.36075,-0.2022,0.072855,0.16912,0.23141
-0.1713,-0.24588,-0.2441,-0.26095,-0.24129,-0.22545,0.038405,-0.0395,-0.12072,0.60034,0.18348,0.028952,-0.16747,0.074675,0.24044,0.18016,0.3702
0.48353,0.0060576,-0.23528,-0.14686,-0.36323,-0.31746,-0.26129,-0.25088,-0.16142,0.32126,0.34206,0.10072,0.11529,0.087198,0.046628,0.020623,0.21307
0.22275,-0.090352,0.31137,-0.16124,-0.11398,-0.30303,-0.21441,-0.09626,-0.013552,0.51813,0.2582,0.14005,-0.17306,-0.084445,-0.19078,-0.34438,0.335
0.39151,-0.048015,-0.057432,-0.18615,-0.26149,-0.29917,-0.41219,-0.23638,0.03047,0.099538,0.30674,0.51708,0.096398,0.08384,-0.13592,-0.01348,0.12465
0.065472,-0.018848,0.14979,-0.053463,-0.21678,-0.22122,-0.33483,-0.1937,-0.35613,0.44536,0.46666,0.25541,0.0095549,0.19062,0.14358,-0.11915,-0.21234
-0.2457,-0.17317,0.017763,-0.13617,-0.17021,-0.13025,-0.23386,-0.24422,-0.048845,0.59649,0.49584,0.26642,0.091768,-0.0029599,-0.10953,-0.11841,0.14505
-0.023982,-0.26944,-0.32075,-0.3263,-0.23893,-0.19733,-0.12106,0.1244,0.34351,0.43226,-0.0045674,-0.022595,-0.1266,-0.053105,0.11053,0.43088,0.26308
0.19326,0.53578,-0.19432,-0.27094,-0.35657,-0.13123,-0.02757,0.19326,0.26537,-0.27995,-0.38361,-0.081653,0.02651,0.035525,0.14369,0.19326,0.13918
-0.09446,0.13893,0.74661,0.1081,-0.1884,-0.17372,-0.1385,-0.2207,-0.19721,0.22553,0.30039,0.086085,-0.06657,-0.0607,-0.14143,-0.18547,-0.1385
-0.13089,0.0235,0.69576,0.13704,-0.063735,-0.096275,-0.19667,-0.1302,-0.20498,0.31567,0.39736,-0.074813,-0.072045,-0.06512,-0.16759,-0.19874,-0.16828
-0.23287,0.31619,0.48537,-0.068305,-0.12367,-0.10675,-0.22672,-0.26824,-0.10214,0.19008,0.54535,0.16086,-0.031392,-0.043697,-0.19442,-0.15597,-0.14366
-0.28751,0.17062,0.56857,0.46796,-0.0090351,-0.089883,-0.14827,-0.23181,-0.25248,-0.023408,0.25416,0.17152,0.0089299,-0.060238,-0.1339,-0.19858,-0.20666
-0.25113,0.29094,0.69,0.1447,-0.03384,-0.083665,-0.11596,-0.16302,-0.31665,-0.091508,0.13778,0.29279,0.02106,-0.069365,-0.13949,-0.055985,-0.25667
-0.46332,0.063777,0.23967,0.21673,0.036127,0.044952,-0.12918,-0.21507,-0.36096,0.12672,0.54911,0.26556,0.030832,0.080837,-0.098588,-0.18977,-0.19742
-0.27037,-0.12759,0.51834,0.40275,0.15118,-0.035795,-0.17178,-0.22277,-0.24657,0.038995,0.29736,0.27017,0.08999,-0.066393,-0.13438,-0.22957,-0.26357
-0.28296,0.011595,0.54923,0.22566,-0.049178,-0.13349,-0.19317,-0.23478,-0.27091,0.15394,0.44247,0.27987,0.02145,-0.036585,-0.11816,-0.20467,-0.16032
-0.27567,-0.10197,0.54752,0.35085,0.08659,-0.04385,-0.1459,-0.22025,-0.29594,0.21095,0.31097,0.24744,-0.05872,-0.040472,-0.12157,-0.21079,-0.23917
-0.31138,-0.1138,0.45506,0.11852,-0.06603,-0.02912,-0.20933,-0.23104,-0.23104,0.19017,0.52671,0.26833,0.098982,0.075097,-0.089912,-0.19196,-0.25927
-0.21901,0.01328,0.58256,0.32737,-0.039068,-0.22229,-0.21247,-0.25173,-0.21574,0.095073,0.37971,0.19323,0.10162,0.003465,-0.13722,-0.20593,-0.19284
-0.34576,-0.23773,0.50252,0.34247,-0.025655,-0.073672,-0.12169,-0.21772,-0.20571,0.066375,0.4385,0.11839,0.11839,0.058372,-0.057667,-0.33376,-0.025655
-0.20676,0.084967,0.52114,0.31438,-0.02549,-0.082135,-0.17843,-0.26623,-0.22092,0.13028,0.29172,0.3597,0.11046,-0.17843,-0.18127,-0.22092,-0.25207
-0.41009,-0.084277,0.37102,0.091157,-0.1344,-0.15111,-0.21376,-0.092632,0.036855,0.18305,0.54228,0.35849,0.1204,-0.1344,-0.063392,-0.23883,-0.18035
-0.53546,-0.099738,0.16075,-0.0097503,-0.099738,-0.20393,-0.13289,-0.26077,-0.11868,-0.00027779,0.28389,0.57753,0.14654,0.27442,0.10392,-0.02396,-0.061848
-0.1632,-0.080137,0.63425,0.50134,0.15245,0.12753,-0.13828,-0.25458,-0.19643,0.0029325,0.019545,-0.013682,-0.055217,0.06108,-0.07183,-0.2795,-0.24627
-0.20272,-0.04862,0.43235,0.14751,-0.13267,-0.062627,-0.23073,-0.23073,-0.13267,0.021425,0.46971,0.49306,0.11482,-0.090645,-0.085975,-0.26809,-0.19338
-0.10999,0.16581,0.71275,0.18685,-0.10532,-0.11934,-0.19881,-0.20115,-0.12168,-0.053895,0.31307,0.25463,-0.025848,-0.14038,-0.24088,-0.117,-0.19881
-0.11653,0.10738,0.75422,0.28464,0.0047553,-0.11031,-0.16628,-0.24714,-0.14762,-0.11964,0.21001,0.09805,0.12604,-0.12585,-0.20671,-0.16006,-0.18494
-0.14297,-0.066717,0.2764,-0.095312,-0.17156,-0.066717,-0.21922,-0.29546,-0.20015,0.1525,0.52422,0.4575,0.28594,0.028593,-0.20015,-0.21922,-0.047655
-0.18801,0.082525,0.59007,0.33869,-0.097032,-0.15688,-0.17364,-0.2718,-0.17125,0.09689,0.29799,0.31715,-0.015632,-0.053937,-0.13294,-0.20716,-0.25504
-0.33821,-0.1496,0.42543,0.14295,0.1245,0.0012825,-0.22756,-0.26696,-0.22169,0.075885,0.46986,0.39526,-0.009615,0.050738,-0.14038,-0.24935,-0.082543
-0.085717,0.21767,-0.14605,-0.25465,-0.23799,-0.13513,-0.15294,-0.23109,-0.27821,0.26422,0.65437,0.27571,0.074023,0.15964,0.072873,-0.11157,-0.085142
-0.24447,0.30651,0.62135,0.1727,0.078247,0.046762,-0.016205,-0.071303,0.02315,-0.0083351,0.2829,0.031022,-0.16575,-0.18937,-0.1815,-0.38615,-0.29956
-0.20936,-0.27944,0.28428,0.37874,0.17153,-0.10575,-0.14841,-0.17279,-0.26725,0.23248,0.35131,0.35741,0.17153,-0.16365,-0.13927,-0.26725,-0.19412
-0.13922,0.051967,0.69146,0.26293,-0.065055,-0.1557,-0.2035,-0.21339,-0.14087,0.34864,0.18712,0.086577,-0.10296,-0.010665,-0.19526,-0.17219,-0.22987
0.089783,0.16542,0.7453,0.23136,-0.16622,-0.12937,-0.24767,-0.24961,-0.073127,0.19063,0.18094,-0.057612,-0.022702,-0.16428,-0.17203,-0.18561,-0.13519
-0.16444,0.18968,0.69932,0.022925,-0.070757,-0.13634,-0.16069,-0.22252,-0.18692,0.23839,0.33208,0.12597,-0.012675,-0.037032,-0.16819,-0.22065,-0.22814
-0.16904,-0.046962,0.58539,0.36809,-0.012782,-0.12509,-0.22763,-0.28379,-0.19834,-0.01034,0.36809,0.21184,0.11662,-0.020107,-0.14218,-0.24717,-0.1666
-0.16486,0.11455,0.77224,0.265,-0.22075,-0.10468,-0.21645,-0.17776,-0.19925,0.12314,0.20912,0.050068,-0.014412,-0.15197,-0.061697,-0.14337,-0.078892
-0.056433,0.25143,0.67648,0.13027,-0.10609,-0.15972,-0.14184,-0.2193,-0.17759,0.27129,0.31896,-0.10609,-0.026638,-0.042528,-0.19547,-0.27293,-0.14383
-0.14256,-0.16278,0.27072,0.20334,-0.019025,-0.17176,-0.22567,-0.27958,-0.14706,0.47063,0.47737,0.21233,0.15617,-0.0077952,-0.20545,-0.26385,-0.16502
-0.18984,-0.026108,0.48624,0.2283,0.040392,-0.17825,-0.22611,-0.27851,-0.28858,0.28573,0.38246,0.31092,0.041902,-0.079005,-0.10117,-0.24374,-0.16465
-0.19763,0.037188,0.69748,0.25093,0.08435,-0.087242,-0.14745,-0.25583,-0.22071,0.13252,0.23688,0.20176,0.013105,-0.14745,-0.14845,-0.23375,-0.21569
-0.20051,-0.056785,0.65801,0.092025,-0.14073,-0.21068,-0.18779,-0.24502,-0.1916,0.2154,0.31079,0.26246,0.14163,0.047508,-0.14454,-0.21068,-0.13946
-0.15055,-0.024702,0.55503,0.31466,0.056602,-0.12651,-0.24882,-0.30609,-0.24034,0.08983,0.29274,0.36061,0.043167,-0.050155,-0.15479,-0.18802,-0.22266
-0.30804,-0.22803,0.34618,0.41582,0.29654,-0.04502,-0.22877,-0.32212,-0.23544,0.27653,0.13798,0.29135,-0.07688,0.098715,-0.09244,-0.1406,-0.18579
-0.27967,0.23249,0.62023,0.17693,-0.036878,-0.13593,-0.22531,-0.26517,-0.27001,0.029558,0.24578,0.25906,0.15277,0.0041925,-0.16009,-0.177,-0.17096
-0.22398,0.092073,0.44576,0.34793,0.077023,-0.07348,-0.21646,-0.21646,-0.20893,-0.14121,0.26515,0.32535,0.31783,-0.081005,-0.20893,-0.26161,-0.23903
-0.21131,-0.0336,0.55156,0.14918,-0.14657,-0.1783,-0.21131,-0.26716,-0.20496,0.31039,0.45382,0.19361,0.018443,0.045098,-0.14276,-0.18211,-0.14403
-0.24044,-0.007455,0.77854,0.32282,-0.12907,-0.008735,-0.12011,-0.2302,-0.15851,-0.098343,-0.016415,0.15256,0.05143,0.14616,-0.14443,-0.14187,-0.15595
-0.40527,0.030818,0.48508,0.14287,-0.01915,-0.25385,-0.01158,-0.22962,-0.3553,0.46691,0.1883,0.11713,-0.21145,0.033848,0.10653,-0.10243,0.01719
0.066325,0.0089725,0.64212,0.13515,-0.06673,-0.16423,-0.18258,-0.11376,-0.23763,0.22576,0.43681,0.091558,-0.15964,-0.02429,-0.13784,-0.27319,-0.24681
-0.13895,0.087815,0.68981,0.31728,0.11481,-0.0066699,-0.082257,-0.15245,-0.20104,-0.079557,0.21739,0.13641,0.031125,-0.13895,-0.18484,-0.29552,-0.31442
-0.18272,-0.14777,0.55842,0.22555,0.0030297,-0.11835,-0.18272,-0.23053,-0.21582,0.10785,0.39291,0.37819,0.043487,-0.041108,-0.15697,-0.25996,-0.17352
-0.19903,-0.011735,0.24478,-0.0035926,-0.15832,-0.26825,-0.31304,-0.3334,-0.12981,0.23663,0.51758,0.46465,0.11856,0.057482,-0.1176,-0.07281,-0.032095
-0.17584,-0.06831,0.26502,0.084912,-0.057558,-0.21347,-0.18928,-0.29142,-0.20272,0.025775,0.55264,0.48275,0.13061,0.12523,-0.030675,-0.28067,-0.15702
-0.064577,-0.10249,0.66566,0.30301,0.17114,-0.10579,-0.08436,-0.29041,-0.23601,0.012897,0.20081,0.23873,-0.071172,0.003005,-0.089305,-0.26239,-0.28876
-0.23964,-0.04077,0.56667,0.38257,0.08131,-0.15005,-0.21897,-0.2485,-0.17762,0.15121,0.19256,0.31464,0.091155,-0.08901,-0.1786,-0.23472,-0.20223
-0.10521,-0.24213,0.70775,0.24565,-0.088092,-0.19934,-0.18222,-0.23357,-0.13088,0.25421,0.083058,0.21998,0.14296,-0.10521,-0.096649,-0.036747,-0.23357
-0.12711,0.084188,0.74908,0.20534,-0.039775,-0.084853,-0.22572,-0.22854,-0.19191,0.01939,0.22224,0.21942,0.033478,-0.059495,-0.11866,-0.2708,-0.18628
-0.44904,-0.20905,0.4956,0.24029,-0.02523,-0.022678,-0.03289,-0.10948,-0.21926,-0.12991,0.4573,0.16625,0.10498,0.084553,-0.037995,0.02583,-0.33926
0.33051,0.12518,-0.15482,-0.39282,-0.27149,-0.35549,-0.15949,-0.15949,0.17651,0.35384,0.43317,0.19051,-0.18749,0.017842,0.14851,-0.0054901,-0.08949
-0.21478,0.013062,0.40818,0.4226,-0.05327,-0.13691,-0.20613,-0.17152,-0.28976,0.041905,0.42549,0.29282,0.06786,0.033252,-0.08788,-0.25516,-0.28976
0.0043124,0.043477,0.65203,0.30759,0.03243,0.017367,-0.1423,-0.14632,-0.31302,-0.06498,0.25336,0.010337,-0.07703,0.16198,-0.05594,-0.33511,-0.34817
-0.18348,0.044255,0.50837,0.00027735,-0.25338,-0.053123,-0.11045,-0.19762,-0.19134,0.21702,0.6293,0.14791,-0.062548,-0.011503,-0.1183,-0.20783,-0.15757
-0.28486,0.20961,0.58571,0.054712,-0.1056,-0.02646,-0.1489,-0.22262,-0.26456,0.18391,0.46936,0.12506,-0.038635,0.0039798,-0.1144,-0.20774,-0.21857
-0.39139,-0.33844,0.31509,0.32749,0.34238,0.20506,-0.10351,-0.20526,-0.32934,-0.20112,-0.0017526,0.26214,0.090072,0.17197,0.025547,0.062775,-0.23173
-0.28219,0.011942,-0.084373,-0.21551,-0.29701,-0.22959,-0.29923,-0.277,-0.15254,0.26088,0.31719,0.25199,0.034167,0.097885,0.17346,0.23273,0.45721
-0.03607,0.0078928,0.10954,-0.1273,-0.27215,-0.23428,-0.28333,-0.1705,-0.054367,0.79617,0.21094,-0.03175,-0.071647,-0.04166,-0.064532,0.085908,0.17714
-0.23975,-0.16573,0.3758,-0.0029024,-0.20151,-0.14476,-0.1571,-0.18177,-0.1978,0.14019,0.61265,0.39431,0.08838,0.06741,-0.094185,-0.16573,-0.12749
0.47737,-0.041293,-0.3677,-0.29169,-0.14413,-0.1799,-0.23356,-0.28274,-0.036823,0.18674,0.41478,0.34324,0.070487,-0.02788,-0.068123,0.021305,0.15991
-0.4195,-0.22351,0.42015,0.24198,0.41124,0.20189,0.094982,-0.25469,-0.27028,-0.11883,0.12394,0.054892,0.17739,0.045985,-0.016378,-0.18119,-0.28809
0.25882,0.15366,0.52447,-0.10646,-0.13966,-0.07325,-0.10646,-0.28356,-0.27803,-0.078785,0.3529,0.25328,0.16473,-0.43853,-0.067715,-0.045577,-0.089855
-0.017935,-0.01634,0.54238,0.22311,-0.28772,-0.2941,-0.38031,-0.36275,-0.19673,0.12573,0.36519,0.057092,0.04113,0.017185,0.0028174,0.07625,0.10498
-0.0072652,-0.036003,0.1605,-0.14086,-0.29775,-0.42047,-0.39174,-0.26669,0.0036099,0.52711,0.13332,0.2475,0.09759,0.0051624,0.0059399,0.079727,0.30031
0.14013,-0.30733,-0.34094,-0.25061,-0.30523,-0.27582,-0.27792,-0.13717,0.11913,0.29979,0.41113,0.26828,0.15904,0.10652,0.089715,0.093917,0.20736
0.11399,0.20447,0.43318,0.31002,-0.04938,-0.25296,-0.29066,-0.449,-0.29317,-0.04938,0.25976,0.28489,0.15923,-0.0091651,-0.12478,-0.13735,-0.1097
-0.30018,-0.17055,0.4961,0.16542,-0.070028,-0.12029,-0.33457,-0.16791,-0.06738,0.27653,0.34002,0.41938,0.056955,-0.10706,-0.09648,-0.15204,-0.16791
-0.28817,-0.334,0.50006,0.096775,0.1174,0.12198,-0.12548,-0.25609,-0.2538,0.041783,0.35341,0.34195,0.12656,0.08761,-0.12778,-0.26068,-0.14152
-0.38391,-0.29046,0.28511,0.20655,0.12964,-0.06139,-0.11183,-0.28633,-0.26152,0.032058,0.33969,0.46787,0.27519,0.0039401,-0.034927,-0.1722,-0.13747
0.14379,0.17369,0.69697,0.009235,-0.26362,-0.10663,-0.03188,-0.21129,-0.09916,-0.084207,0.2933,0.22976,0.012972,-0.33837,-0.17391,-0.17391,-0.076732
-0.48242,-0.16152,0.20479,0.50989,0.41214,0.21269,0.0053425,-0.033165,-0.088458,-0.28495,0.17616,0.11593,-0.14079,0.008305,-0.14178,-0.17633,-0.13585
-0.093048,0.15134,0.79939,0.29481,-0.055358,-0.10278,-0.19153,-0.23287,-0.15263,0.066228,0.051638,0.095408,-0.012803,-0.11493,-0.14655,-0.18789,-0.16843
-0.065998,-0.09102,0.78901,0.1634,-0.12856,-0.024288,-0.17861,-0.11188,-0.1661,0.0049074,0.32606,0.054955,-0.0368,0.054955,-0.099363,-0.29539,-0.19529
-0.27391,-0.17136,-0.080205,0.30719,0.15527,-0.0042451,-0.16376,-0.18655,0.014745,0.28061,0.43633,0.33378,0.23123,-0.19035,-0.27011,-0.40684,-0.01184
-0.14298,-0.055875,0.58285,0.073655,0.32974,-0.17275,-0.07002,-0.21965,-0.24571,0.15927,0.30368,0.30666,-0.057365,-0.13404,-0.18243,-0.24794,-0.2271
-0.32366,-0.1632,0.42429,0.059372,0.06196,-0.1632,-0.36507,-0.39612,-0.29001,0.25865,0.17842,0.30524,0.12149,0.17066,-0.023445,0.20172,-0.05709
-0.22261,-0.10365,0.47627,0.11196,-0.178,-0.10365,-0.16313,-0.23748,-0.18543,0.045045,0.42422,0.52831,0.09709,-0.05904,-0.08878,-0.18543,-0.15569
-0.31896,-0.36755,0.31682,0.17508,-0.12458,-0.18128,-0.10434,-0.32706,-0.011195,0.0050024,0.4707,0.23177,0.31682,0.20748,0.0090524,-0.18533,-0.11243
0.017675,-0.31221,-0.23708,-0.24035,-0.22075,-0.11297,-0.08031,-0.13257,-0.021517,0.60558,0.3051,0.35409,-0.17829,-0.1587,0.10586,0.12219,0.18425
-0.2394,0.16918,0.18839,-0.13059,-0.16259,-0.072983,-0.21167,-0.23514,-0.16793,0.5479,0.57457,0.14678,-0.019643,-0.021775,-0.12419,-0.16686,-0.074048
0.063115,-0.10141,0.43507,0.02735,0.07742,-0.16578,-0.18724,-0.2087,-0.26592,0.48514,0.32778,0.32062,-0.058488,-0.15148,-0.21585,-0.29454,-0.087098
-0.21193,0.14763,0.68936,0.16593,-0.16658,-0.10374,-0.1809,-0.23977,-0.20238,0.10547,0.36162,0.17627,0.0124,-0.064762,-0.1451,-0.21352,-0.12999
-0.054475,-0.15809,0.65141,0.12038,-0.12571,-0.22933,-0.29409,-0.20342,-0.086855,0.26285,0.33409,0.26285,0.03619,-0.041522,-0.17752,-0.17104,-0.12571
-0.075185,-0.16826,0.5763,0.061317,-0.13103,-0.08139,-0.18067,-0.24271,-0.20548,0.16679,0.50805,0.25366,0.12336,-0.06898,-0.16205,-0.24271,-0.13103
-0.12219,0.1758,0.44612,-0.10951,-0.069165,-0.13949,-0.22479,-0.31067,-0.20462,0.49281,0.44785,0.13775,-0.082423,-0.09568,-0.16081,-0.15908,-0.021903
-0.15736,-0.12727,0.65509,0.3918,0.074342,-0.20851,-0.15886,-0.1709,-0.26418,0.15258,0.23081,0.127,0.035225,-0.021947,-0.12877,-0.20701,-0.22205
0.0096775,-0.04094,0.64238,0.38297,-0.053595,-0.16748,-0.21177,-0.26872,-0.23708,0.27541,0.19949,0.041313,0.041313,-0.11054,-0.066248,-0.17381,-0.26239
-0.084938,-0.14286,0.34948,0.047458,-0.13045,-0.15113,-0.15527,-0.22147,-0.17182,0.39086,0.51911,0.38258,0.055733,-0.12217,-0.16768,-0.27525,-0.12217
-0.14383,0.013395,0.47964,0.040502,-0.14383,-0.12214,-0.14383,-0.19262,-0.16551,0.051345,0.50675,0.37121,0.25194,-0.21973,-0.16009,-0.24684,-0.17636
-0.022763,0.032793,0.60559,0.28758,0.0078875,0.048118,-0.026595,-0.23541,-0.35227,-0.064908,0.37379,0.22628,-0.16069,-0.11855,-0.11663,-0.22583,-0.2584
-0.23241,-0.08102,0.61953,0.1327,-0.069148,-0.018683,-0.16414,-0.27397,-0.19382,-0.075083,0.30487,0.3969,0.17426,0.0080322,-0.08102,-0.23538,-0.21163
0.02403,-0.071543,0.31075,0.32761,-0.20834,-0.13338,-0.30579,-0.39761,-0.16899,0.16458,0.47191,0.36509,-0.017198,0.01841,-0.01907,-0.17836,-0.18211
-0.11365,-0.29977,0.51856,0.3029,0.10201,-0.17865,-0.20967,-0.24216,-0.16831,0.15223,0.28074,0.33244,0.17882,-0.085587,-0.16387,-0.23625,-0.16978
-0.00018015,0.16148,0.79285,0.18588,-0.22894,-0.14964,-0.21979,-0.14049,-0.17099,-0.13134,0.15843,0.18893,0.027272,-0.14659,-0.14964,-0.076433,-0.10083
-0.27036,-0.0036549,0.44172,0.074025,-0.094282,-0.058032,-0.22375,-0.25224,-0.20563,0.13358,0.63851,0.22939,-0.042495,0.074025,-0.10205,-0.21857,-0.12018
-0.25704,-0.11625,0.57572,0.32071,0.0099226,-0.10961,-0.15344,-0.25172,-0.23047,-0.027265,0.42696,0.2211,0.11485,-0.013985,-0.13219,-0.18532,-0.19196
-0.16287,0.15637,0.60575,0.41326,0.01539,-0.091702,-0.17507,-0.24285,-0.25234,-0.080857,0.23703,0.21398,0.064191,-0.07408,-0.19134,-0.21099,-0.22387
-0.08258,0.037015,0.68282,0.21181,0.066453,0.073813,-0.18009,-0.27025,-0.26657,-0.0053022,0.23389,0.21365,0.064613,-0.034742,-0.21689,-0.29785,-0.22977
-0.24983,0.0065348,0.56412,0.4338,0.12831,0.13044,0.07917,-0.010555,-0.13019,-0.41646,0.02149,0.10694,0.08558,-0.057555,-0.15369,-0.33955,-0.19855
-0.019305,0.19512,0.77056,0.2345,-0.16371,-0.06963,-0.14183,-0.18997,-0.098073,-0.21185,-0.017118,0.22794,0.096657,-0.049938,-0.19653,-0.19872,-0.16809
0.071182,-0.16997,0.45355,0.41879,0.22109,0.090735,-0.16128,-0.40895,-0.21777,-0.15259,0.26454,0.19067,0.023387,0.036422,-0.24818,-0.13738,-0.27425
-0.081292,0.022225,0.62263,0.21373,0.022225,0.12574,0.01705,-0.25727,-0.28315,-0.17963,0.36383,0.20338,0.04293,-0.30903,-0.1434,-0.17446,-0.20551
-0.20511,0.045595,0.58841,0.038695,-0.11771,-0.12921,-0.19131,-0.23271,-0.097008,0.2848,0.3285,0.3791,0.040995,-0.11771,-0.23271,-0.16141,-0.22121
0.077915,-0.28539,0.22173,-0.09617,-0.22484,-0.13402,-0.25512,-0.3081,-0.0886,0.19902,0.63045,0.20659,0.31255,-0.058325,-0.09617,-0.15672,0.055208
-0.042105,-0.18065,0.6737,0.24267,0.011772,-0.0575,-0.14217,-0.35768,-0.16526,-0.095983,0.21958,0.19649,0.23498,0.034862,-0.28071,-0.14986,-0.14217
-0.22018,-0.057057,0.48279,0.23228,0.0031425,-0.17163,-0.20464,-0.24736,-0.2561,0.23034,0.37696,0.35268,0.12936,-0.086185,-0.11046,-0.27261,-0.18134
-0.40848,-0.30411,0.0071522,0.097902,-0.050018,-0.15529,-0.11082,0.023487,0.074307,0.20771,0.72679,0.21406,0.086105,-0.023703,-0.040943,-0.17344,-0.17071
-0.18506,-0.23337,0.29197,0.2497,0.050437,-0.13071,-0.14279,-0.14883,-0.1126,-0.046175,0.43689,0.47312,0.28593,-0.14883,-0.2394,-0.32394,-0.076368
-0.29439,0.40905,-0.02411,-0.1503,-0.1852,-0.098392,-0.21473,-0.24248,-0.14851,0.1683,0.63905,0.28196,-0.081387,0.12356,-0.095707,-0.064385,-0.02232
-0.09093,-0.00086265,0.63155,0.50114,-0.0050051,-0.081535,-0.20642,-0.21194,-0.29206,-0.051145,0.23702,0.073457,-0.03595,0.040305,-0.09231,-0.19426,-0.22106
-0.11072,-0.0028201,-0.20063,-0.09873,-0.10473,-0.050775,-0.20663,-0.24259,-0.14668,0.2969,0.6146,0.36883,0.36283,-0.050775,-0.15867,-0.17666,-0.092735
-0.2024,-0.33253,-0.27497,-0.17487,-0.17738,-0.10481,0.0078025,-0.1023,-0.03474,0.29808,0.59336,0.37816,0.29808,0.0078025,-0.072275,-0.099802,-0.0072125
-0.12684,0.11996,0.63753,0.2906,-0.21428,-0.15223,-0.24812,-0.30877,-0.2312,0.1115,0.26945,0.18201,0.13547,-0.037995,-0.12543,-0.14941,-0.15223
-0.43703,-0.082535,0.21742,0.09843,0.031497,-0.23871,-0.32547,-0.085013,-0.19409,0.57687,0.25708,0.35624,-0.057745,-0.075098,-0.040393,-0.0056877,0.0042299
0.15221,-0.20769,0.20806,0.20806,-0.18908,-0.12082,-0.46211,-0.26354,-0.15185,0.10257,0.34457,0.41904,0.10257,0.15221,-0.089795,-0.35042,0.14601
-0.18039,-0.12171,0.69578,0.43762,-0.15692,-0.0043724,-0.14909,-0.14518,-0.02784,0.12862,0.16773,0.058213,0.023008,-0.14127,-0.14518,-0.32511,-0.11389
0.15584,-0.0041175,0.64569,0.10585,0.14584,0.22581,-0.16407,-0.23405,-0.28403,0.035873,0.085855,0.19582,0.015878,-0.074095,-0.384,-0.27404,-0.19406
0.24015,0.14033,-0.0093949,-0.04932,-0.49849,-0.30884,-0.14914,-0.26891,0.08044,0.19024,0.4797,0.29005,0.2102,-0.1691,0.1004,-0.099227,-0.17908
0.39507,-0.27585,-0.34885,-0.26195,-0.10899,-0.095087,-0.11942,-0.12985,-0.095087,0.037013,0.38117,0.56541,0.13783,-0.02556,-0.10204,-0.07423,0.12044
0.75099,0.38053,-0.14173,-0.20579,-0.041452,-0.17097,-0.25036,-0.13616,-0.11944,0.078317,0.097817,0.033752,-0.042845,-0.17376,-0.19465,0.01147,0.12428
-0.17491,-0.43333,-0.37689,-0.19421,-0.20907,-0.13777,0.0033203,-0.029355,0.056788,0.3672,0.4979,0.22165,0.26472,-0.029355,0.025598,-0.02787,0.17561
0.36954,0.14909,-0.2743,-0.35314,-0.26554,-0.1794,-0.22904,-0.10495,-0.048008,0.02937,0.28632,0.10529,-0.18232,0.11843,-0.061145,0.07171,0.56809
-0.057147,0.15821,0.65115,0.2635,-0.17201,-0.17679,-0.20551,-0.3778,-0.071505,0.14386,0.23957,0.18693,0.038568,-0.11458,-0.21508,-0.071505,-0.21987
-0.15655,-0.11803,0.70038,0.4693,-0.091073,-0.06989,-0.17388,-0.2432,-0.18351,0.01869,0.19585,0.088015,-0.014045,0.0071374,-0.077593,-0.17965,-0.17195
-0.21974,0.088985,0.67556,0.3107,0.12266,0.01882,-0.13554,-0.34323,-0.23377,0.14512,0.1395,0.097405,-0.042925,-0.03731,-0.30113,-0.13554,-0.14957
-0.19359,-0.10949,0.66533,0.48873,0.1428,0.033475,-0.097158,-0.19752,-0.23957,-0.09996,0.1613,-0.09996,0.04749,0.008805,-0.10725,-0.21658,-0.18686
-0.10694,0.11424,0.67527,0.098055,-0.17167,-0.085362,-0.042205,-0.079967,-0.02602,-0.27417,0.14121,0.17358,0.38397,-0.2472,-0.074572,-0.16628,-0.31193
-0.027547,-0.10431,0.44074,0.32559,-0.058255,-0.25017,-0.2732,-0.17341,-0.11967,-0.050577,0.3563,0.3563,0.30256,-0.12734,-0.16573,-0.31159,-0.11967
-0.3023,0.15727,0.69778,0.16016,-0.056617,-0.07396,-0.18958,-0.21848,-0.22137,0.10814,0.26711,0.22086,-0.07685,-0.15489,-0.25606,-0.010372,-0.050837
-0.094218,-0.072228,-0.20784,-0.16752,-0.1382,-0.14187,-0.11621,-0.17486,-0.20051,0.37127,0.6315,0.34928,0.29796,-0.042905,-0.12721,-0.16019,-0.0062525
-0.19157,0.052077,0.61415,0.17269,-0.12402,-0.22775,-0.24464,-0.22775,-0.19398,0.24024,0.4284,0.18234,-0.073363,0.0062424,-0.14332,-0.12644,-0.14332
0.23053,0.07748,0.6426,0.2011,-0.17712,-0.17712,-0.2507,-0.27278,-0.1212,0.01567,0.24231,0.26291,-0.057915,-0.16829,-0.3081,-0.0049348,-0.13444
-0.20784,0.25623,0.58846,0.10857,-0.0021725,-0.097095,-0.19202,-0.20256,-0.16565,0.15603,0.30369,0.33006,-0.049632,-0.20784,-0.2553,-0.091822,-0.27112
-0.27664,-0.15357,0.22125,0.32009,0.51029,0.26974,-0.14797,-0.21697,-0.29343,-0.25054,0.0049351,0.22125,0.17836,0.10937,-0.045412,-0.20205,-0.24867
-0.084193,-0.064693,0.095205,0.2902,0.3136,0.4501,0.1615,-0.15829,-0.27139,-0.41959,-0.20899,-0.041293,0.2824,0.1849,-0.013995,-0.28309,-0.23239
-0.27976,-0.19944,0.12756,0.3341,0.42589,0.2882,0.098878,-0.067495,-0.29697,-0.37729,-0.19944,-0.033072,0.28246,0.24804,0.0013501,-0.16502,-0.18797
-0.17654,0.031542,0.4317,0.4477,0.21561,0.33566,0.047547,-0.21656,-0.23256,-0.20855,-0.088505,-0.04849,0.1756,0.07956,-0.18454,-0.24056,-0.36861
-0.16013,-0.21465,0.21465,0.56899,0.38841,0.34753,0.040885,-0.12606,-0.23168,-0.25213,-0.15673,-0.10562,0.10903,0.05792,-0.03407,-0.23509,-0.21124
-0.41169,-0.40447,-0.040672,0.087015,0.5279,0.26771,0.15447,-0.064765,-0.19245,-0.33219,-0.069585,0.029195,0.2123,0.19302,0.17857,-0.028627,-0.10572
-0.22016,-0.15504,0.46556,0.30083,0.33531,0.35446,0.040337,-0.18568,-0.2623,-0.23931,-0.10907,0.01352,0.15143,0.16292,-0.14738,-0.18568,-0.31976
-0.27896,-0.34397,0.00405,0.17615,0.60448,0.22969,0.061415,-0.1604,-0.1451,-0.37074,-0.10303,0.17615,0.28705,0.11496,-0.034195,-0.060965,-0.15657
-0.33211,-0.078595,0.20918,0.40789,-0.106,0.078997,-0.15396,-0.37322,-0.11285,-0.051187,0.16807,0.37363,0.34622,0.22974,-0.19507,-0.291,-0.1197
-0.4408,-0.26577,-0.4955,-0.12355,0.17182,0.21011,0.07336,0.23198,0.11712,-0.1509,-0.18372,0.018663,0.3742,0.10071,0.018663,0.34685,-0.0032175
-0.45478,-0.011465,0.70319,0.16815,0.08981,-0.04777,-0.038218,-0.019108,-0.11847,-0.030573,0.14522,0.32484,-0.085988,-0.10701,-0.12803,-0.14331,-0.2465
-0.32976,-0.25875,-0.010182,0.15849,0.42924,0.46919,-0.13002,-0.20992,-0.18329,-0.22767,0.074153,0.25614,0.28277,0.13185,-0.063447,-0.18329,-0.20548
-0.1333,-0.15453,0.57415,0.42087,0.071855,-0.020115,-0.18754,-0.24886,-0.2748,-0.13802,0.16854,0.29824,0.19684,-0.03662,-0.15453,-0.1899,-0.19226
-0.11197,-0.2054,0.0277,0.24287,0.11453,-0.30072,-0.37433,-0.46587,-0.17331,0.20795,0.076775,0.50428,0.21739,-0.0062723,-0.040247,0.11736,0.16926
-0.13795,-0.16284,0.58938,0.28518,0.094353,0.12754,0.041808,-0.11306,-0.04669,-0.26793,-0.48917,0.29071,0.16349,0.039043,-0.11583,-0.1822,-0.11583
-0.31972,-0.39855,0.085603,0.15795,0.49417,-0.24366,-0.023377,-0.16668,-0.30951,-0.096187,0.072618,0.23354,0.0012001,0.14265,0.41162,0.077255,-0.11891
-0.40748,-0.33308,0.044358,0.25206,0.40862,-0.17885,-0.14242,-0.17536,-0.28503,-0.18582,0.090473,0.3625,0.19975,0.25284,0.13465,0.10287,-0.14009
-0.079092,-0.25501,-0.12307,0.015153,0.46753,0.49266,0.367,0.052851,-0.016262,-0.39952,-0.15449,-0.066524,0.1094,0.052851,-0.16077,-0.0099794,-0.29271
-0.017498,0.071395,0.67654,0.34319,-0.09784,-0.12177,-0.18844,-0.22776,-0.089293,-0.24314,-0.24314,0.30046,0.20644,-0.0038204,-0.13374,-0.15767,-0.073908
0.01873,-0.11694,0.59738,0.41741,0.12117,-0.0228,-0.23876,-0.24983,-0.23322,0.013192,0.207,0.23191,-0.0034201,-0.069868,-0.18338,-0.31905,-0.16954
-0.3839,-0.034428,0.4582,0.32768,0.14662,-0.0049526,-0.17338,-0.080743,-0.2239,0.0161,0.26452,0.30242,0.23083,-0.05548,-0.26601,-0.2618,-0.2618
-0.4123,-0.3591,0.0399,0.2128,0.45663,0.4123,0.19506,0.16846,0.044333,-0.25713,-0.0798,-0.2261,0.11527,0.048765,-0.044332,-0.24826,-0.0665
-0.22271,-0.4286,-0.44121,-0.079838,0.36977,0.075635,0.35717,0.24792,0.058827,-0.23951,-0.27313,0.029415,0.25632,0.10925,0.13866,0.029415,0.012605
-0.23217,-0.069565,0.42565,0.25195,0.36282,-0.095433,-0.18043,-0.051085,-0.23956,0.17804,0.27043,0.27413,0.11152,-0.19522,-0.22108,-0.36521,-0.22478
-0.54349,-0.23697,-0.17442,-0.18067,0.22593,0.56372,0.15712,0.15087,0.20717,-0.093095,-0.15565,0.05078,0.25721,0.025758,-0.068073,-0.061818,-0.12437
-0.36447,-0.048018,0.37272,0.49498,0.092227,-0.0012701,0.08863,-0.0012701,-0.10196,-0.36447,-0.2458,0.041882,0.40149,-0.0084602,-0.26378,0.06346,-0.1559
-0.37838,-0.3594,0.20794,0.44512,-0.11653,-0.03114,-0.04632,-0.12222,-0.27591,0.04286,0.36543,0.19656,0.19656,0.23261,0.08081,-0.15068,-0.2873
-0.26402,0.046928,0.68295,0.19926,-0.064573,-0.17136,-0.16979,-0.23104,-0.15252,0.05792,0.21339,0.16471,0.29191,-0.02217,-0.12896,-0.2593,-0.19335
-0.37233,0.036945,0.40377,0.31451,0.36023,0.0097324,-0.088233,-0.23518,-0.36362,-0.3277,0.015175,0.19042,0.21219,0.17954,-0.042515,-0.087143,-0.20579
-0.37613,-0.22202,0.34641,0.43736,0.34641,-0.02244,0.0028226,-0.11339,-0.28518,-0.19171,0.023035,0.18977,0.28578,0.11904,-0.14118,-0.11339,-0.28518
-0.052912,-0.32235,0.38648,0.54814,0.31601,0.00097515,0.0217,-0.081927,-0.090217,-0.13167,0.088025,0.22482,0.042428,-0.16483,-0.17312,-0.24773,-0.3638
-0.20157,-0.27914,-0.10119,0.35966,0.63343,0.44635,-0.10575,-0.20613,-0.18788,-0.20157,-0.060122,0.049385,-0.00080456,-0.028182,-0.032745,-0.05556,-0.028182
-0.47864,-0.38367,-0.10636,0.22413,0.26211,0.16715,0.041785,-0.33049,-0.083572,-0.33049,0.20133,0.20513,0.36088,0.12916,0.034188,2.9412e-07,0.08737
-0.036467,-0.25364,0.24783,0.39393,0.16294,-0.17269,-0.18256,-0.29905,-0.25166,0.1353,0.32483,0.41367,0.12345,-0.073977,0.001045,-0.17269,-0.36025
0.17864,-0.14333,-0.23475,-0.2268,-0.35798,-0.30233,-0.1791,-0.27053,0.039515,0.33764,0.35751,0.42906,0.21839,0.05939,0.023615,-0.095632,0.16671
-0.42853,-0.17371,0.20677,0.25564,0.09158,-0.027105,-0.21211,-0.13182,-0.23305,-0.25749,0.014785,0.32546,0.51046,0.30451,-0.10739,-0.016632,-0.12135
-0.31584,-0.27942,-0.25567,0.04359,0.71495,0.30327,0.084758,-0.067247,-0.17967,-0.18284,-0.16067,-0.04983,0.080008,-0.0023272,0.0055878,0.078425,0.18293
0.10709,0.17523,-0.087615,-0.24337,0.36993,-0.39913,-0.0097349,-0.05841,0.01947,0.28231,0.2239,0.17523,0.09735,-0.068145,-0.62303,-0.09735,0.13629
-0.22307,-0.16846,0.13533,0.75996,0.21725,0.0090351,-0.035337,-0.066057,-0.3596,0.046583,0.036343,0.090955,0.0090351,0.1285,-0.21966,-0.14798,-0.21283
-0.02951,-0.46933,-0.29409,-0.11541,0.34159,0.03234,0.46528,0.14229,0.12855,-0.33188,-0.2288,0.059827,0.12168,-0.0088926,0.11824,-0.20132,0.26943
-0.42592,-0.34682,0.036508,0.20079,0.108,0.010648,-0.17037,-0.30879,-0.1658,0.32401,0.3164,0.47004,0.18406,-0.034987,-0.17797,-0.01217,-0.0076049
0.15437,-0.26017,0.73472,0.24809,0.0029678,-0.19529,-0.10517,-0.27099,-0.21331,0.0065728,-0.10517,0.26251,0.12913,-0.043892,-0.10878,-0.097962,-0.13761
0.10011,0.070097,0.74246,0.38227,-0.01395,-0.040962,-0.13701,-0.20305,-0.23607,-0.08899,0.10912,0.088107,-0.040962,-0.13101,-0.24507,-0.19405,-0.16103
0.068085,-0.065467,0.80262,0.038407,-0.22128,-0.21015,-0.16563,-0.24353,-0.16563,0.012437,0.16454,0.22389,0.12002,0.00873,-0.14708,-0.12482,-0.095145
-0.20815,-0.10319,-0.03572,0.18919,0.6315,0.20418,0.22167,-0.16067,-0.21065,-0.27062,-0.3181,-0.21065,0.19668,0.18919,0.1467,-0.12069,-0.14068
-0.091375,-0.29757,-0.036388,0.087333,0.23854,0.45849,0.16981,-0.25633,-0.21509,-0.32507,0.0048525,0.12857,0.18356,0.23854,0.25229,-0.091375,-0.44879
-0.19173,-0.12025,-0.048775,0.23714,0.46587,0.15851,-0.26321,-0.09166,-0.1274,-0.18458,-0.34898,-0.06307,0.48017,0.30862,-0.21317,0.10848,-0.10596
-0.24645,-0.18863,-0.21754,0.31839,0.64529,0.40512,-0.068545,-0.22644,-0.18863,-0.07077,-0.10413,0.05154,0.020407,-0.12414,-0.13526,-0.039635,0.1694
-0.034648,0.23122,0.64842,0.29257,0.034888,-0.23916,-0.41094,-0.28824,-0.21053,-0.046918,0.08397,0.22304,-0.014195,-0.030555,-0.12463,-0.09191,-0.022375
0.13199,0.010337,0.66188,0.30231,0.040075,-0.28975,-0.18432,-0.4033,-0.18161,-0.16269,-0.20865,0.16173,0.18877,0.01304,-0.070768,-0.024808,0.015745
-0.4152,-0.44621,-0.043093,0.37165,0.29801,0.29413,-0.10124,-0.074103,-0.13225,-0.10511,0.1042,0.1856,0.20498,0.30963,-0.074103,-0.12062,-0.25628
-0.072633,-0.0035026,0.0041799,0.44393,0.35944,0.44393,0.17893,-0.0073426,-0.15905,-0.40869,-0.33764,-0.10528,-0.066873,0.19045,-0.070713,-0.18017,-0.20898
-0.29958,-0.38377,-0.43427,0.20971,0.11711,0.46225,-0.05546,0.066603,0.13816,-0.33747,-0.18173,0.087648,0.20971,0.23917,0.13816,-0.01337,0.037138
-0.22877,-0.36095,-0.45246,-0.015252,0.35587,0.31011,0.28469,0.12201,0.071173,-0.36603,-0.096592,0.045755,0.3457,0.030503,0.096593,-0.030502,-0.11184
-0.19843,-0.17808,0.18317,0.39178,0.68688,0.17299,0.020353,0.0050875,-0.21879,-0.15773,-0.2137,-0.035615,0.0050875,0.035615,-0.045793,-0.14247,-0.31037
-0.19642,-0.20191,0.0229,0.22029,0.62055,0.36285,0.11063,0.1216,-0.13063,-0.092245,-0.13611,0.044833,0.15998,-0.10869,-0.12514,-0.37188,-0.3006
-0.30682,-0.18681,-0.45902,0.14979,0.38395,0.23175,-0.084365,0.1615,-0.23657,-0.24535,-0.11071,0.0092972,0.14979,0.31956,0.36053,0.0063697,-0.14291
0.60813,0.21533,-0.12733,0.24876,0.3574,0.10668,-0.018682,0.014748,-0.11061,-0.31955,-0.26105,-0.018682,0.10668,-0.24433,-0.14404,-0.1524,-0.26105
0.17117,-0.043342,0.13387,0.33905,0.55357,0.10589,-0.20189,0.17117,0.040598,0.059253,-0.45372,-0.071322,0.031273,-0.31382,-0.32314,-0.034015,-0.16459
0.42068,-0.088395,-0.28466,0.040408,0.45135,0.17535,-0.12519,0.15081,-0.08226,-0.56067,-0.26013,-0.039327,0.071075,0.11401,-0.11293,0.18761,-0.057727
-0.46011,-0.090193,0.39231,0.027752,0.11353,-0.19742,0.10817,0.01703,-0.24031,0.00094456,0.27436,0.5585,0.00094456,-0.020498,-0.19742,-0.0097754,-0.27783
-0.0026625,-0.05881,0.65939,0.22193,0.091198,-0.094845,-0.13256,-0.28592,-0.29346,0.32166,0.097903,0.06438,0.06857,-0.16608,-0.37391,-0.14094,0.024155
-0.24405,-0.02878,0.5257,0.18649,0.21911,-0.041825,0.042978,-0.19186,-0.3158,0.12778,0.11473,0.2452,0.29739,-0.080965,-0.19839,-0.33537,-0.32233
-0.26364,-0.14351,0.42811,0.20857,0.47782,0.33698,0.088448,-0.015107,-0.18494,-0.28849,-0.052387,0.088448,0.13401,-0.20979,-0.11866,-0.16837,-0.31749
-0.19564,0.30956,0.26746,0.32359,0.038247,-0.29387,0.0055023,0.07567,-0.022563,-0.064663,0.39844,0.20197,0.085025,-0.32662,-0.07402,-0.42485,-0.30323
-0.3903,0.12609,-0.14997,-0.1792,0.02541,0.18779,0.50283,0.21378,-0.00382,-0.35458,-0.27013,-0.2474,0.002675,0.05139,0.21378,0.35668,-0.085015
0.10212,-0.10831,0.15472,0.2389,-0.076745,-0.066223,-0.23457,-0.034658,-0.013615,-0.36082,0.24942,0.44932,0.50193,-0.10831,-0.31874,-0.203,-0.17144
-0.2046,0.068485,0.15472,0.24815,0.44218,0.17628,-0.13993,0.018178,-0.2621,-0.3124,-0.39864,-0.19742,0.12598,0.37751,-0.26928,0.16191,0.01099
-0.094425,-0.1316,0.48008,0.61526,0.23,-0.01332,0.017095,-0.091045,-0.2634,-0.077528,-0.12146,-0.13836,0.19621,0.044132,-0.1316,-0.23974,-0.28029
0.32639,0.40067,0.63836,0.051557,0.036702,-0.13414,-0.24556,-0.20099,-0.20842,0.021847,0.036702,0.08127,-0.08957,-0.082143,-0.25298,-0.18613,-0.19356
-0.10379,0.16023,0.71405,0.31479,-0.071595,-0.10379,-0.16175,-0.22615,-0.18107,0.16023,0.18599,0.11516,-0.058715,-0.090915,-0.21327,-0.19395,-0.24547
-0.27332,0.13759,0.50109,0.35885,0.1534,-0.08367,0.10598,0.011155,0.011155,-0.43137,0.1692,0.23242,-0.020452,-0.1943,-0.099475,-0.27332,-0.30493
-0.067463,-0.25309,-0.068293,0.22423,0.1828,-0.11221,-0.15448,-0.3401,-0.21414,0.60707,0.090813,0.28804,-0.20005,0.008775,-0.30778,0.17534,0.14053
-0.1782,-0.152,-0.057023,0.4244,0.73552,0.2279,-0.099598,-0.17492,-0.10287,-0.099598,-0.19785,-0.1127,-0.024273,-0.1782,-0.12252,0.021578,0.09035
-0.2917,0.038892,0.3214,0.026872,-0.033235,-0.23159,-0.23159,-0.35181,-0.10537,0.4897,0.27932,0.42959,0.044905,0.0088397,-0.0693,-0.11739,-0.20755
-0.36547,-0.4352,-0.26087,-0.10049,0.3667,0.50616,0.16448,0.02502,0.02502,-0.26785,-0.20509,0.04594,0.087777,0.1854,0.12962,0.059887,0.038967
-0.34099,-0.25913,-0.29634,-0.26658,-0.11403,0.14642,0.39199,0.29897,0.49617,0.0348,-0.01729,-0.14007,-0.18844,-0.0098499,0.27665,0.012475,-0.024732
-0.45409,-0.27066,-0.24008,-0.25537,0.41723,0.3408,0.35608,0.17265,-0.041362,-0.087222,-0.14837,-0.041362,0.06564,0.23379,0.1115,-0.20951,0.050355
-0.43143,-0.44411,0.10115,0.23049,0.43084,0.17469,0.0047751,-0.08906,-0.24376,-0.21333,-0.10935,0.037743,0.15694,0.31164,0.24317,0.012383,-0.17275
-0.23077,-0.23627,-0.26924,-0.14835,0.087915,0.21429,0.44507,0.55496,0.21429,-0.29122,-0.18682,-0.18682,-0.054947,0.1044,0.065935,-0.12638,0.043957
-0.20226,0.012355,0.16305,0.22698,0.3183,0.56489,0.29091,0.10368,-0.1977,-0.2251,-0.24793,-0.015042,-0.024175,-0.05614,-0.078972,-0.27533,-0.35752
-0.25078,-0.34446,-0.10852,0.088105,0.26854,0.37957,0.18179,0.26969,-0.13859,-0.34909,-0.098108,-0.19642,-0.057625,0.38651,0.2801,-0.091168,-0.21955
0.073635,-0.39973,-0.2735,-0.047337,-0.078895,0.51545,0.47337,8.9797e-18,0.036817,-0.073635,-0.34188,-0.16305,-0.052597,0.28928,0.12097,0.021037,-0.099932
-0.21872,-0.3943,-0.31905,0.01955,0.18258,0.30799,0.17631,-0.12467,-0.068238,-0.37548,-0.26262,-0.049425,0.30172,0.30799,0.30799,0.1136,0.094792
-0.25876,-0.31722,-0.23789,-0.19404,-0.15855,-0.04581,0.44482,0.44274,0.45317,0.029352,-0.068775,-0.19613,-0.066687,-0.13141,0.15253,0.15044,0.00221
-0.31919,-0.27625,-0.02043,0.25219,0.41464,0.56403,0.13829,-0.029767,-0.17728,-0.17915,-0.17915,-0.059642,0.00758,0.25406,0.01318,-0.16608,-0.23703
-0.39458,0.02088,-0.047692,0.26693,0.3355,0.2266,0.31937,0.275,-0.1929,-0.18483,-0.25341,-0.22517,0.10559,0.19836,0.12979,-0.2292,-0.35021
-0.34392,-0.17177,-0.26272,-0.14903,-0.067828,0.07509,0.32195,0.14655,0.049105,-0.16527,-0.31469,-0.25297,-0.019108,0.14979,0.32844,0.52983,0.14655
-0.11099,0.85021,0.088372,-0.13947,-0.29611,-0.21067,0.059892,0.14533,0.045652,-0.075388,-0.082508,-0.18219,-0.068268,-0.089628,0.10973,0.038532,-0.082508
-0.15498,-0.20778,-0.52458,-0.022982,0.39942,0.49446,0.14598,0.2463,-0.022982,-0.16554,-0.21834,-0.18666,-0.0018625,0.1143,0.17766,0.045657,-0.11802
0.38951,0.24737,-0.0050449,-0.26972,-0.23786,-0.0099474,0.23022,0.44588,0.36991,-0.12268,-0.24031,-0.24276,-0.15453,-0.14963,-0.14718,-0.23051,0.12729
-0.53648,0.020085,0.33587,-0.12202,-0.24635,-0.21675,0.1839,0.091135,-0.11215,-0.23254,-0.12991,-0.082545,0.0714,0.11877,0.42665,0.37337,0.057583
-0.40101,-0.37374,-0.035512,0.33181,0.29908,0.13178,-0.00096235,-0.20462,-0.13552,-0.19735,-0.22099,-0.022782,0.13542,0.48092,0.23543,0.10632,-0.12825
-0.43519,-0.27069,-0.055577,-0.085102,0.0034728,0.56446,0.58977,0.041435,-0.085102,-0.047142,-0.055577,-0.097757,-0.07245,-0.06823,0.04987,0.12158,-0.097757
-0.31389,-0.31389,-0.31491,-0.15062,-0.03603,-0.017777,-0.038057,-0.12223,-0.13744,-0.13135,-0.051242,0.01366,0.10189,0.28138,0.35541,0.55012,0.32499
0.53821,0.29354,0.10008,0.026107,0.17974,0.33337,0.10577,-0.042172,-0.20718,-0.28116,-0.45186,-0.30961,-0.093385,0.026107,-0.013722,-0.053552,-0.15028
-0.17286,0.0053401,-0.25692,-0.41496,0.055775,0.4559,0.30459,-0.045095,-0.085445,-0.20313,-0.02492,-0.20649,-0.27374,0.32476,0.13984,0.36511,0.03224
-0.06917,0.35631,-0.23936,0.041715,0.40273,0.45172,-0.022753,0.033977,-0.11043,-0.32704,-0.29867,-0.1749,-0.10527,0.3331,0.00045471,0.01077,-0.2832
-0.19804,0.037795,-0.092217,0.036283,0.1028,0.23281,0.21316,0.67727,-0.057447,-0.26304,0.065005,-0.23281,-0.10885,0.074075,0.15722,-0.30991,-0.3341
-0.30579,-0.27069,-0.26191,0.03063,0.50748,0.56014,0.20616,0.059885,0.03063,-0.1917,-0.24143,-0.11271,0.045258,0.10962,0.01893,-0.036655,-0.14782
-0.33709,-0.13885,-0.17321,-0.08334,0.28935,0.5431,-0.019903,-0.10184,-0.17585,-0.29744,-0.18378,-0.088625,0.13076,0.46116,0.21534,0.017103,-0.056908
-0.24706,-0.05835,-0.21319,0.028748,0.44972,0.51746,0.31907,0.11585,-0.13093,-0.25674,-0.23254,-0.21319,-0.10674,0.19327,0.081973,0.0093926,-0.25674
-0.24609,-0.26652,-0.19789,0.23167,0.41921,0.42864,0.18085,-0.062215,-0.20418,-0.3079,-0.23561,-0.095742,0.02265,0.35792,0.15937,-0.031307,-0.15284
-0.47924,-0.36368,-0.16193,0.074083,0.34144,0.34634,0.10249,-0.10709,-0.19915,-0.2442,-0.08065,0.18083,0.23567,0.32675,0.030993,0.15047,-0.15312
-0.29668,-0.39572,-0.22735,0.17871,0.36936,0.37679,0.11186,0.079667,-0.05651,-0.33134,-0.29916,-0.0094676,0.21832,0.31984,0.1069,-0.071368,-0.073843
-0.26011,-0.26883,-0.26749,-0.086993,0.28608,0.36995,0.31292,-0.0051303,-0.20844,-0.23193,-0.16416,-0.17422,0.01634,0.49744,0.17469,0.13041,-0.12054
0.48029,0.51664,0.08045,-0.024055,-0.0013375,0.30763,0.21222,-0.12401,-0.16945,-0.24215,-0.2785,-0.31939,-0.19217,-0.046772,0.039557,-0.074035,-0.16491
-0.12131,0.39106,0.090042,-0.031648,-0.1085,0.28858,0.40387,-0.243,-0.082883,-0.21098,-0.35828,-0.32626,-0.18536,0.26937,0.24375,0.15409,-0.17255
-0.41878,-0.40397,-0.29738,-0.21744,0.11342,0.26442,0.33918,0.25998,0.15266,-0.044238,-0.11086,-0.18858,-0.17303,0.15117,0.073453,0.29477,0.20521
-0.40845,-0.27791,-0.30966,-0.0026976,0.029057,0.053755,0.2584,0.022,-0.083848,-0.34141,-0.17206,0.025527,0.19489,0.32543,0.44187,0.30426,-0.05915
-0.2189,-0.24013,-0.36754,0.088998,0.17393,0.57208,0.24825,0.16332,-0.027792,-0.43655,-0.059642,-0.12865,0.11023,0.13677,0.20048,-0.10742,-0.10742
-0.46446,-0.4235,-0.33498,-0.062798,0.28997,0.078575,0.10236,-0.035053,-0.11433,-0.036373,-0.0443,0.11953,0.049507,0.31772,0.33358,0.35339,-0.12886
-0.35689,-0.22336,-0.30473,-0.20041,0.50894,0.074985,0.43801,0.20851,-0.054367,-0.1253,-0.26092,-0.10861,0.052035,0.15009,0.2252,0.074985,-0.09818
-0.31326,-0.20046,-0.19241,-0.14675,0.12985,-0.0071074,0.36886,0.19699,-0.06082,-0.17361,-0.3616,-0.2864,-0.01248,0.057343,0.45212,0.32858,0.22116
-0.30198,-0.25249,-0.36947,-0.1535,0.12995,0.18394,0.3729,0.51688,0.32341,0.15244,-0.20749,-0.20749,0.0039697,-0.095013,0.0039697,-0.045523,-0.05452
-0.2373,-0.15749,-0.2373,-0.12121,0.0239,0.24157,0.4157,0.6116,0.24157,-0.2373,-0.1067,-0.19377,0.12548,-0.23004,-0.034145,-0.09219,-0.012377
-0.31025,-0.2519,-0.40437,0.053038,0.33915,0.22998,0.33351,0.36739,0.22998,-0.22178,-0.29896,-0.19919,0.098213,0.02292,0.060568,0.058685,-0.10696
-0.27478,-0.14828,-0.25935,-0.043378,0.34538,0.25282,0.31453,0.5521,0.15717,-0.33031,-0.23158,-0.16988,0.10163,-0.098913,-0.064975,-0.03412,-0.06806
-0.20063,-0.015358,0.11939,0.14044,0.15728,0.52362,0.12781,-0.057465,-0.21747,-0.17958,-0.4238,-0.33117,0.052015,0.29624,0.14044,0.17834,-0.31011
-0.50202,0.32182,-0.031555,-0.26572,-0.29127,0.25796,0.41336,0.072755,0.15152,-0.09542,-0.19547,-0.21889,-0.18057,0.13449,0.051467,0.2239,0.15365
-0.32926,0.065735,-0.13177,-0.031765,0.095735,0.41573,0.19574,-0.11927,-0.086765,-0.34676,-0.34176,-0.22426,-0.0092649,0.41573,0.10824,0.38823,-0.064265
-0.33762,-0.51348,-0.033855,0.38981,0.47374,0.22994,0.23393,0.0061126,0.0221,-0.16975,-0.18174,-0.16175,0.050078,0.066065,0.13401,-0.069827,-0.13777
-0.30057,-0.28368,-0.030368,0.37734,0.52209,0.3701,0.23018,0.034768,-0.0038325,-0.35605,-0.16306,-0.10033,-0.006245,0.05648,-0.044843,-0.088268,-0.21372
-0.38973,-0.26102,0.13679,0.60189,0.42638,0.06074,-0.0065375,-0.28443,-0.050415,-0.1762,-0.20545,-0.088442,0.11047,0.13679,-0.021165,0.098767,-0.088442
-0.15028,0.14483,-0.06175,0.25022,0.50528,0.30292,0.058403,0.13007,-0.18612,-0.27676,-0.3674,-0.19244,-0.057532,0.25022,0.13218,-0.099692,-0.38215
-0.19389,-0.32939,-0.090427,0.15346,0.45155,0.50575,0.07463,-0.041155,-0.18897,0.0056525,-0.26534,-0.19636,-0.1126,0.14114,0.049995,0.31359,-0.27765
-0.11486,-0.36189,-0.17368,0.26156,0.24979,0.33213,-0.13839,-0.079573,-0.17368,-0.37365,-0.31484,-0.091338,0.10864,0.23803,0.22627,0.40271,0.0027675
-0.37348,-0.20545,-0.28162,-0.27714,-0.14944,0.16196,0.39272,0.27398,0.24037,-0.12928,-0.18305,-0.20321,-0.15168,0.12164,0.27846,0.27398,0.21125
-0.34641,-0.22349,-0.29054,-0.2477,-0.035385,0.13037,0.39297,0.51403,0.26819,-0.078222,-0.1732,-0.23653,-0.11174,-0.020487,0.16203,0.1341,0.16203
-0.052625,-0.091102,-0.23059,-0.23166,0.04838,-0.25464,0.10289,0.05907,-0.023232,0.86391,0.090065,-0.043005,-0.18142,-0.051555,0.041433,0.03021,-0.07614
-0.24122,-0.23683,-0.21049,-0.21488,-0.18854,-0.06121,0.31638,0.5842,0.3998,-0.017305,-0.078772,-0.17536,-0.15341,-0.14024,0.061728,0.1188,0.23735
-0.25501,-0.40713,-0.34798,-0.1367,-0.12825,0.26894,0.36189,0.4126,0.20978,-0.17896,-0.1029,-0.26346,0.099918,0.099918,0.15062,0.01541,0.20133
-0.32322,-0.26984,-0.26095,-0.30246,-0.16309,0.0029654,0.29357,0.44183,0.45666,0.1542,0.0029654,-0.03855,-0.16309,-0.12158,-0.08896,0.18978,0.18978
-0.21397,-0.28761,-0.34897,-0.26306,-0.17225,-0.022523,0.25974,0.50028,0.37265,-0.032343,-0.15016,-0.18698,-0.03725,-0.03725,0.17138,0.25974,0.18856
-0.088637,-0.0265,-0.36826,-0.1197,-0.16113,0.15991,0.4706,0.39293,0.34632,-0.13524,-0.21291,-0.4045,-0.088637,-0.093815,0.066705,0.05635,0.20652
-0.30395,-0.36369,-0.31977,-0.31625,-0.11596,0.11596,0.46735,0.37423,0.17218,0.08609,-0.059737,-0.1388,-0.17745,0.079063,0.11947,0.1511,0.23016
-0.33969,-0.26012,-0.32522,-0.27459,0.17389,0.19318,0.37883,0.51627,0.1763,-0.040705,-0.098575,-0.15403,-0.19743,-0.076873,0.024395,0.16183,0.14254
-0.38532,-0.27607,-0.29466,-0.30396,0.16791,0.035415,0.014493,0.47939,0.46544,0.0075202,-0.22493,-0.118,0.03309,0.035415,0.11445,0.19115,0.058658
-0.39941,-0.36075,-0.36627,-0.17575,0.0092576,0.12523,0.25501,0.25225,0.38203,0.083813,-0.24202,-0.19507,-0.0294,-0.0017874,0.22464,0.2633,0.17494
-0.37868,-0.080372,-0.24978,-0.21664,0.52361,0.12218,0.39103,0.33211,0.10745,0.17006,-0.24978,-0.24242,-0.073007,-0.017765,-0.10983,0.05221,-0.080372
-0.34246,-0.31261,-0.33798,-0.24098,-0.14397,0.0769,0.34851,0.42761,0.24554,-0.11562,-0.14397,-0.16934,0.01273,0.015715,0.17838,0.26942,0.23211
-0.36441,-0.32392,-0.27583,-0.25306,-0.063265,0.13665,0.35428,0.29861,0.17967,-0.11388,-0.22775,-0.18726,-0.08098,0.23028,0.25053,0.34922,0.091103
0.01707,0.091037,-0.25605,-0.34139,-0.33286,-0.23613,-0.03414,0.4239,0.37553,0.37553,0.15647,-0.093883,-0.23613,-0.18208,0.091037,-0.036985,0.21906
-0.32268,-0.33757,-0.28546,-0.2743,-0.1887,0.13879,0.2616,0.21694,0.57049,-0.062172,-0.08078,-0.20731,0.030868,0.10902,0.12018,0.14251,0.16856
-0.15608,-0.022987,-0.28068,-0.26085,-0.2382,-0.14758,0.19506,0.41877,0.3678,0.38479,0.025153,-0.22404,-0.29484,-0.1844,0.016658,0.18656,0.21488
-0.38955,-0.34365,-0.23888,-0.24287,-0.188,0.028525,0.12232,0.079413,0.09438,0.028525,-0.048305,-0.15407,-0.062275,0.42465,0.23108,0.51146,0.14726
-0.34738,-0.42104,-0.35579,-0.219,0.012503,0.09879,0.25453,0.20612,0.31346,0.17876,-0.18322,-0.2653,0.02513,0.25242,0.063013,0.32187,0.065118
-0.22378,-0.18264,-0.32506,-0.17947,0.054735,0.28261,0.4282,0.46617,0.21615,-0.29024,-0.21428,-0.11301,-0.10351,-0.094018,0.029415,0.28894,-0.040213
-0.29897,-0.16551,-0.34406,-0.28274,-0.10599,0.065355,0.15373,0.5397,0.42427,0.014852,-0.13484,-0.115,-0.23765,0.10684,0.14651,0.23128,0.0022273
0.29049,-0.26396,-0.45617,-0.24178,-0.071752,0.031745,0.19438,0.47531,0.45313,-0.03479,0.076103,-0.11611,-0.1235,-0.21221,-0.11611,0.01696,0.09828
0.24221,0.22713,-0.28569,-0.41928,-0.1995,-0.18657,-0.01204,0.27669,0.33271,0.23791,-0.0012678,-0.32232,-0.29431,-0.040053,-0.0012678,0.3284,0.11724
0.35483,-0.32046,-0.28897,-0.10003,0.20788,0.17989,0.22187,0.35133,0.17989,-0.17001,-0.1945,-0.177,-0.22599,-0.34845,-0.11402,0.1344,0.30934
-0.12863,-0.17299,-0.31936,-0.23509,-0.26613,-0.12863,0.24839,0.34597,0.50122,0.00887,-0.017743,-0.12863,-0.22178,-0.17299,0.10645,0.29718,0.28388
0.080962,-0.19601,-0.39203,-0.35794,-0.0042601,-1.4706e-07,0.07244,0.64343,0.19175,0.15766,0.0085224,-0.26845,-0.27698,-0.012783,0.14914,0.11079,0.093745
0.37905,-0.11406,-0.38151,-0.43165,-0.39822,-0.18092,-0.07227,0.12832,0.34562,0.1116,0.044737,-0.0054075,-0.055555,0.011307,0.20354,0.07817,0.33726
-0.28469,-0.25403,-0.22512,-0.16729,-0.11735,-0.018347,0.28655,0.46966,0.17879,0.36102,0.061383,-0.24439,-0.26717,-0.21898,0.0035553,0.12184,0.31459
-0.28322,-0.20354,-0.18171,-0.0016049,0.37279,0.27237,-0.0081548,-0.13586,-0.2472,-0.33125,-0.23847,-0.15988,-0.035442,0.21343,0.30621,0.35314,0.30839
-0.054655,0.066877,-0.17227,-0.15659,-0.24872,-0.24088,-0.080138,0.50204,0.54517,0.12764,0.025712,-0.14091,-0.22127,-0.24676,-0.1115,0.1002,0.30602
-0.12981,-0.21994,-0.22767,-0.18775,-0.16587,-0.18904,0.18563,0.60151,0.51782,0.085205,0.027265,-0.073162,-0.12209,-0.23024,-0.068012,0.011815,0.18435
-0.26495,-0.27315,-0.15012,-0.31065,-0.3165,-0.32705,0.21546,0.25764,0.19789,0.26468,0.05845,-0.066927,-0.15715,-0.018885,0.22718,0.301,0.3631
-0.3685,-0.19771,-0.16289,-0.33036,-0.28725,-0.091588,0.10241,0.23507,0.31632,0.51695,-0.10485,-0.1032,-0.040185,-0.086613,0.13723,0.29476,0.1704
-0.24311,0.14756,-0.11974,-0.31164,-0.38704,-0.21569,0.17497,0.41485,0.35317,0.35317,0.12014,0.02419,-0.3185,-0.11974,-0.071762,0.058457,0.1407
-0.31889,-0.32508,-0.33333,-0.30858,-0.28795,-0.15386,0.16794,0.15556,0.34122,0.18857,0.050357,0.062735,-0.017717,-0.058975,0.13906,0.32266,0.37629
-0.2642,-0.30271,-0.20321,-0.24975,-0.32759,-0.12537,0.3224,0.41949,0.31036,0.10493,-0.0090151,-0.15827,-0.18395,0.013452,0.10333,0.31678,0.23332
-0.11707,0.0013928,-0.39546,-0.508,-0.19999,-0.075607,0.10209,0.33309,0.48709,0.04878,-0.075607,-0.06376,-0.045992,-0.010452,-0.0045297,0.35086,0.17317
0.80943,0.21659,-0.047405,-0.13541,-0.079828,-0.010353,0.017438,0.091543,-0.0613,-0.2512,-0.20488,-0.15393,-0.18172,-0.17246,-0.12614,0.21196,0.077648
-0.14745,-0.24483,-0.31336,-0.14024,-0.19073,-0.010395,0.24929,0.40077,0.44405,0.37552,0.01485,-0.096957,-0.08253,-0.40353,0.065345,-0.05007,0.13026
-0.3215,-0.25568,-0.37518,-0.25973,-0.0085775,0.00155,0.12611,0.47043,0.14535,0.019777,-0.18378,-0.20808,-0.10175,0.072437,0.2132,0.38131,0.28409
-0.30045,-0.27554,-0.41257,-0.17587,-0.042993,0.13972,0.30167,0.5882,0.23523,-0.12189,-0.20079,-0.15096,0.035908,0.085738,0.098195,0.13972,0.05667
-0.053553,-0.13468,-0.11665,-0.20679,-0.2819,0.081655,0.41817,0.52934,0.31,-0.12867,-0.41711,-0.15871,-0.10463,-0.080593,0.0456,0.20184,0.096677
0.20225,-0.35698,-0.20509,-0.087723,-0.06701,0.050358,0.38175,0.47841,0.057263,-0.10843,-0.17748,-0.3915,-0.25342,-0.12224,0.18844,0.22986,0.18154
-0.13085,-0.2508,-0.33258,-0.23172,-0.10632,0.2617,0.37075,0.4389,0.28624,0.19083,-0.21536,-0.29169,-0.22081,0.0054525,0.079057,0.19628,-0.04907
0.11617,-0.15841,-0.42846,-0.2263,-0.17199,-0.093537,0.40282,0.36359,0.12824,-0.07996,-0.13125,-0.32587,-0.13578,-0.076942,0.25949,0.28514,0.27307
-0.29821,-0.28616,-0.24849,-0.2515,-0.16561,0.04383,0.25855,0.32711,0.092048,-0.13925,-0.16938,-0.15356,-0.050345,0.026503,0.1915,0.5569,0.26609
-0.035598,-0.063923,-0.14633,-0.2004,-0.18238,-0.087098,0.19101,0.52319,0.51032,0.11118,-0.16693,-0.23645,-0.32143,-0.18753,-0.099973,0.19873,0.19358
-0.24867,-0.32265,-0.21765,-0.26856,-0.091953,0.01067,0.45855,0.51026,0.23342,-0.0084228,-0.10627,-0.20412,-0.15162,-0.096728,0.08704,0.18489,0.23182
-0.27147,-0.25874,-0.21917,-0.22341,-0.21069,-0.0014974,0.31371,0.66,0.22466,0.056455,-0.07217,-0.17252,-0.18807,-0.03966,0.17801,0.12854,0.096033
-0.27912,-0.31173,-0.25046,-0.28999,-0.28307,-0.086433,0.078585,0.16554,0.22681,0.30487,0.036095,-0.00837,-0.14375,-0.027145,0.05981,0.57661,0.23175
-0.035203,-0.34817,-0.29452,-0.21915,-0.16103,-0.23895,0.09509,0.33652,0.14746,0.33077,0.047827,-0.14251,-0.25236,-0.16678,0.18642,0.32438,0.39017
-0.23575,-0.24239,-0.23907,-0.20921,-0.15945,0.072795,0.38134,0.54059,0.15574,-0.21585,-0.15281,-0.17935,-0.10304,-0.059915,0.072795,0.23205,0.34153
-0.28839,-0.22962,-0.28839,-0.12889,-0.22123,-0.095305,0.26567,0.50073,0.50912,0.07259,0.13135,-0.08691,-0.15407,-0.18765,0.19012,-0.011358,0.022222
-0.30943,-0.33708,-0.28047,-0.27257,-0.23901,-0.1021,0.11972,0.15065,0.16053,0.32113,0.0091375,0.05258,-0.16002,-0.041545,0.11511,0.52912,0.28427
